fecha,segmento,transitos,ingresos,toneladas,volumen
2020-01-01,NeoPanamax,308,135551279,23811798,9311252
2020-02-01,NeoPanamax,268,112186169,19811487,8662008
2020-03-01,NeoPanamax,261,105134233,19232310,7836721
2020-04-01,NeoPanamax,271,121704852,19898460,9636220
2020-05-01,NeoPanamax,254,115570390,18800359,7521629
2020-06-01,NeoPanamax,232,104577178,16576147,6565306
2020-07-01,NeoPanamax,251,121950599,19079572,7897585
2020-08-01,NeoPanamax,282,130653295,20951662,8796684
2020-09-01,NeoPanamax,260,121964946,19258432,8787277
2020-10-01,NeoPanamax,315,145375434,22946952,10585124
2020-11-01,NeoPanamax,324,145811548,24451096,11730687
2020-12-01,NeoPanamax,344,153231781,25217807,12934207
2021-01-01,NeoPanamax,346,153260218,25708291,11204936
2021-02-01,NeoPanamax,279,126728701,20723613,9329872
2021-03-01,NeoPanamax,304,141720085,23509070,9747507
2021-04-01,NeoPanamax,299,137547057,22005371,11461141
2021-05-01,NeoPanamax,313,146625776,23482497,10513193
2021-06-01,NeoPanamax,307,142642387,23438604,11352677
2021-07-01,NeoPanamax,320,150807571,25246480,11116017
2021-08-01,NeoPanamax,322,151650733,25053579,10604790
2021-09-01,NeoPanamax,281,138487174,22422079,9082635
2021-10-01,NeoPanamax,310,145896162,24123741,10538440
2021-11-01,NeoPanamax,333,151618714,24781309,11543192
2021-12-01,NeoPanamax,319,150884385,24358684,10218431
2022-01-01,NeoPanamax,311,149050897,23865750,10004906
2022-02-01,NeoPanamax,276,130895527,21223099,8453409
2022-03-01,NeoPanamax,284,134683300,21473508,9049952
2022-04-01,NeoPanamax,267,128116455,20447389,8589956
2022-05-01,NeoPanamax,306,145671634,23313133,10171959
2022-06-01,NeoPanamax,286,136782993,21402763,10098144
2022-07-01,NeoPanamax,313,145203473,23274508,10632870
2022-08-01,NeoPanamax,317,152978500,24498773,10363132
2022-09-01,NeoPanamax,297,136867527,22345005,9618799
2022-10-01,NeoPanamax,308,139858364,22738532,9326555
2022-11-01,NeoPanamax,328,143559647,23838254,10506232
2022-12-01,NeoPanamax,330,149418376,24481849,11021666
2023-01-01,NeoPanamax,287,152809090,21835614,9286627
2023-02-01,NeoPanamax,275,143736348,20173867,9028694
2023-03-01,NeoPanamax,295,158574764,22313157,10278045
2023-04-01,NeoPanamax,309,166975439,23388314,9939787
2023-05-01,NeoPanamax,280,157009382,22000200,8716657
2023-06-01,NeoPanamax,297,163284687,22728056,9277913
2023-07-01,NeoPanamax,313,175125196,24775125,8811192
2023-08-01,NeoPanamax,307,164148202,23488217,8916542
2023-09-01,NeoPanamax,297,163124338,22694344,9289180
2023-10-01,NeoPanamax,307,172544355,24298072,9156791
2023-11-01,NeoPanamax,221,126561081,17885074,6079563
2023-12-01,NeoPanamax,208,126391587,17584212,6379266
2024-01-01,NeoPanamax,190,123808926,15439703,5748666
2024-02-01,NeoPanamax,201,131984850,15931774,5895002
2024-03-01,NeoPanamax,218,140693935,17059178,6766267
2024-04-01,NeoPanamax,222,141213123,17031724,6787783
2024-05-01,NeoPanamax,234,151792469,19034168,6607496
2024-06-01,NeoPanamax,247,156674161,19140792,7574020
2024-07-01,NeoPanamax,257,169125182,20710313,7802265
2024-08-01,NeoPanamax,280,180193188,22058061,8426739
2024-09-01,NeoPanamax,272,172641920,21078194,8137531
2024-10-01,NeoPanamax,278,175222539,21552488,8169622
2024-11-01,NeoPanamax,270,161172496,19582914,5702871
2024-12-01,NeoPanamax,280,177584688,21219793,6419480
2025-01-01,NeoPanamax,287,193754924,21286831,6289274
2025-02-01,NeoPanamax,237,164352684,18441722,4944720
2025-03-01,NeoPanamax,267,182032549,20347554,6185569
2025-04-01,NeoPanamax,290,199496375,22703552,6960379
2025-05-01,NeoPanamax,273,182279502,21440580,6400015
2025-06-01,NeoPanamax,252,166959291,19121669,6777723
2025-07-01,NeoPanamax,299,193188652,21525885,7233816
2025-08-01,NeoPanamax,313,206646367,24079379,7262236
2025-09-01,NeoPanamax,297,196553975,22362403,6636964
2025-10-01,NeoPanamax,307,198759250,22559919,9055878
2025-11-01,NeoPanamax,274,186333054,21368122,7981185
2025-12-01,NeoPanamax,301,197137820,22494244,7842216
2020-01-01,Panamax_AltoCalado,826,110198056,21167387,13324583
2020-02-01,Panamax_AltoCalado,753,100158695,19293825,13054336
2020-03-01,Panamax_AltoCalado,825,110757041,21512145,15397768
2020-04-01,Panamax_AltoCalado,698,96144271,17615626,13232901
2020-05-01,Panamax_AltoCalado,640,85960793,15530225,12631808
2020-06-01,Panamax_AltoCalado,613,81004694,14669840,11113994
2020-07-01,Panamax_AltoCalado,682,93413788,17474083,12503964
2020-08-01,Panamax_AltoCalado,718,98779971,18617445,11762851
2020-09-01,Panamax_AltoCalado,689,96461926,18276073,10485688
2020-10-01,Panamax_AltoCalado,782,111424110,21209039,13650607
2020-11-01,Panamax_AltoCalado,726,104891359,19818111,12699813
2020-12-01,Panamax_AltoCalado,770,107756654,20493055,13471105
2021-01-01,Panamax_AltoCalado,736,103659587,19369646,13908609
2021-02-01,Panamax_AltoCalado,711,97233702,18442700,13279899
2021-03-01,Panamax_AltoCalado,795,107074212,20403545,14512747
2021-04-01,Panamax_AltoCalado,734,101030857,18866024,14641048
2021-05-01,Panamax_AltoCalado,714,101622860,19113384,14087599
2021-06-01,Panamax_AltoCalado,688,98028096,18344694,13731739
2021-07-01,Panamax_AltoCalado,724,103244601,19448209,13316558
2021-08-01,Panamax_AltoCalado,779,108439978,20642403,13753664
2021-09-01,Panamax_AltoCalado,624,89930761,16359872,11028962
2021-10-01,Panamax_AltoCalado,751,104162847,19422620,13928889
2021-11-01,Panamax_AltoCalado,801,108682720,20290667,14267322
2021-12-01,Panamax_AltoCalado,861,121750757,22960816,15149161
2022-01-01,Panamax_AltoCalado,796,110511764,20606337,13884030
2022-02-01,Panamax_AltoCalado,770,108337719,20062710,14351076
2022-03-01,Panamax_AltoCalado,814,115335393,21204357,14663714
2022-04-01,Panamax_AltoCalado,767,108895984,20009602,14564195
2022-05-01,Panamax_AltoCalado,790,113579986,20651550,14963734
2022-06-01,Panamax_AltoCalado,804,111617423,20644744,15873971
2022-07-01,Panamax_AltoCalado,736,100205755,18347955,13632105
2022-08-01,Panamax_AltoCalado,798,117349865,21537919,16096170
2022-09-01,Panamax_AltoCalado,702,98871718,17985724,13430499
2022-10-01,Panamax_AltoCalado,781,113426266,20940576,14949482
2022-11-01,Panamax_AltoCalado,763,108929068,20369832,14479074
2022-12-01,Panamax_AltoCalado,818,115640798,21788427,14767752
2023-01-01,Panamax_AltoCalado,844,143028045,22218229,16188877
2023-02-01,Panamax_AltoCalado,720,122283974,18814366,13463822
2023-03-01,Panamax_AltoCalado,818,136619387,20986154,15475276
2023-04-01,Panamax_AltoCalado,769,132600282,20419419,14551488
2023-05-01,Panamax_AltoCalado,731,124933290,18968114,14192143
2023-06-01,Panamax_AltoCalado,667,111729298,16951830,13168513
2023-07-01,Panamax_AltoCalado,723,124254407,18911286,13333411
2023-08-01,Panamax_AltoCalado,705,119915480,18213569,14224937
2023-09-01,Panamax_AltoCalado,680,117390702,18099379,12585922
2023-10-01,Panamax_AltoCalado,696,119626695,18256718,12571600
2023-11-01,Panamax_AltoCalado,562,102652607,15685951,9470917
2023-12-01,Panamax_AltoCalado,540,97882787,14749458,8326492
2024-01-01,Panamax_AltoCalado,513,108353552,14917889,7855698
2024-02-01,Panamax_AltoCalado,461,94909555,12947054,7568149
2024-03-01,Panamax_AltoCalado,529,106106923,14464762,8961578
2024-04-01,Panamax_AltoCalado,567,113938685,15768025,9363106
2024-05-01,Panamax_AltoCalado,571,117389981,16211265,10803179
2024-06-01,Panamax_AltoCalado,626,126760034,17373515,11499598
2024-07-01,Panamax_AltoCalado,661,131314350,18268514,12743614
2024-08-01,Panamax_AltoCalado,677,132928080,18472434,13379719
2024-09-01,Panamax_AltoCalado,686,133626564,18726222,12401808
2024-10-01,Panamax_AltoCalado,697,137112779,19202915,13175018
2024-11-01,Panamax_AltoCalado,729,139484872,19690820,13500136
2024-12-01,Panamax_AltoCalado,779,152257803,21219020,14100273
2025-01-01,Panamax_AltoCalado,724,155775336,19897642,13409637
2025-02-01,Panamax_AltoCalado,738,155191676,19726121,14007300
2025-03-01,Panamax_AltoCalado,778,162417441,20513075,15121539
2025-04-01,Panamax_AltoCalado,731,155749018,20154494,12893785
2025-05-01,Panamax_AltoCalado,701,152777659,19203385,13870758
2025-06-01,Panamax_AltoCalado,689,145008053,18351434,13744964
2025-07-01,Panamax_AltoCalado,713,155570603,19808958,13868928
2025-08-01,Panamax_AltoCalado,696,149534387,19044189,13552310
2025-09-01,Panamax_AltoCalado,697,147778390,18679212,14088374
2025-10-01,Panamax_AltoCalado,722,151955844,19412316,13694904
2025-11-01,Panamax_AltoCalado,732,158470782,20272646,13906486
2025-12-01,Panamax_AltoCalado,774,160725511,20406649,14807423
