Año,Mes,Transito de Naves Alto Calado Panamax,Transito de Naves Pequeño Calado Panamax,Ingresos por Peaje Panamax,Toneladas Netas Panamax,Volumen de Carga Panamax,Transito de Naves NeoPanamax,Ingresos por Peaje NeoPanamax,Tonelada Netas Neopanamax,Volumen de Carga NeoPanamax
2020,Enero,826,149,110198056,21167387,13324583,308,135551279,23811798,9311252
2020,Febrero,753,206,100158695,19293825,13054336,268,112186169,19811487,8662008
2020,Marzo,825,124,110757041,21512145,15397768,261,105134233,19232310,7836721
2020,Abril,698,53,96144271,17615626,13232901,271,121704852,19898460,9636220
2020,Mayo,640,43,85960793,15530225,12631808,254,115570390,18800359,7521629
2020,Junio,613,45,81004694,14669840,11113994,232,104577178,16576147,6565306
2020,Julio,682,30,93413788,17474083,12503964,251,121950599,19079572,7897585
2020,Agosto,718,36,98779971,18617445,11762851,282,130653295,20951662,8796684
2020,Septiembre,689,44,96461926,18276073,10485688,260,121964946,19258432,8787277
2020,Octubre,782,46,111424110,21209039,13650607,315,145375434,22946952,10585124
2020,Noviembre,726,54,104891359,19818111,12699813,324,145811548,24451096,11730687
2020,Diciembre,770,61,107756654,20493055,13471105,344,153231781,25217807,12934207
2021,Enero,736,78,103659587,19369646,13908609,346,153260218,25708291,11204936
2021,Febrero,711,65,97233702,18442700,13279899,279,126728701,20723613,9329872
2021,Marzo,795,97,107074212,20403545,14512747,304,141720085,23509070,9747507
2021,Abril,734,101,101030857,18866024,14641048,299,137547057,22005371,11461141
2021,Mayo,714,95,101622860,19113384,14087599,313,146625776,23482497,10513193
2021,Junio,688,52,98028096,18344694,13731739,307,142642387,23438604,11352677
2021,Julio,724,57,103244601,19448209,13316558,320,150807571,25246480,11116017
2021,Agosto,779,39,108439978,20642403,13753664,322,151650733,25053579,10604790
2021,Septiembre,624,60,89930761,16359872,11028962,281,138487174,22422079,9082635
2021,Octubre,751,72,104162847,19422620,13928889,310,145896162,24123741,10538440
2021,Noviembre,801,76,108682720,20290667,14267322,333,151618714,24781309,11543192
2021,Diciembre,861,80,121750757,22960816,15149161,319,150884385,24358684,10218431
2022,Enero,796,119,110511764,20606337,13884030,311,149050897,23865750,10004906
2022,Febrero,770,133,108337719,20062710,14351076,276,130895527,21223099,8453409
2022,Marzo,814,178,115335393,21204357,14663714,284,134683300,21473508,9049952
2022,Abril,767,163,108895984,20009602,14564195,267,128116455,20447389,8589956
2022,Mayo,790,120,113579986,20651550,14963734,306,145671634,23313133,10171959
2022,Junio,804,79,111617423,20644744,15873971,286,136782993,21402763,10098144
2022,Julio,736,79,100205755,18347955,13632105,313,145203473,23274508,10632870
2022,Agosto,798,61,117349865,21537919,16096170,317,152978500,24498773,10363132
2022,Septiembre,702,70,98871718,17985724,13430499,297,136867527,22345005,9618799
2022,Octubre,781,70,113426266,20940576,14949482,308,139858364,22738532,9326555
2022,Noviembre,763,107,108929068,20369832,14479074,328,143559647,23838254,10506232
2022,Diciembre,818,133,115640798,21788427,14767752,330,149418376,24481849,11021666
2023,Enero,844,145,143028045,22218229,16188877,287,152809090,21835614,9286627
2023,Febrero,720,159,122283974,18814366,13463822,275,143736348,20173867,9028694
2023,Marzo,818,239,136619387,20986154,15475276,295,158574764,22313157,10278045
2023,Abril,769,186,132600282,20419419,14551488,309,166975439,23388314,9939787
2023,Mayo,731,128,124933290,18968114,14192143,280,157009382,22000200,8716657
2023,Junio,667,69,111729298,16951830,13168513,297,163284687,22728056,9277913
2023,Julio,723,69,124254407,18911286,13333411,313,175125196,24775125,8811192
2023,Agosto,705,65,119915480,18213569,14224937,307,164148202,23488217,8916542
2023,Septiembre,680,65,117390702,18099379,12585922,297,163124338,22694344,9289180
2023,Octubre,696,59,119626695,18256718,12571600,307,172544355,24298072,9156791
2023,Noviembre,562,63,102652607,15685951,9470917,221,126561081,17885074,6079563
2023,Diciembre,540,118,97882787,14749458,8326492,208,126391587,17584212,6379266
2024,Enero,513,147,108353552,14917889,7855698,190,123808926,15439703,5748666
2024,Febrero,461,181,94909555,12947054,7568149,201,131984850,15931774,5895002
2024,Marzo,529,178,106106923,14464762,8961578,218,140693935,17059178,6766267
2024,Abril,567,164,113938685,15768025,9363106,222,141213123,17031724,6787783
2024,Mayo,571,115,117389981,16211265,10803179,234,151792469,19034168,6607496
2024,Junio,626,89,126760034,17373515,11499598,247,156674161,19140792,7574020
2024,Julio,661,61,131314350,18268514,12743614,257,169125182,20710313,7802265
2024,Agosto,677,55,132928080,18472434,13379719,280,180193188,22058061,8426739
2024,Septiembre,686,64,133626564,18726222,12401808,272,172641920,21078194,8137531
2024,Octubre,697,68,137112779,19202915,13175018,278,175222539,21552488,8169622
2024,Noviembre,729,102,139484872,19690820,13500136,270,161172496,19582914,5702871
2024,Diciembre,779,133,152257803,21219020,14100273,280,177584688,21219793,6419480
2025,Enero,724,138,155775336,19897642,13409637,287,193754924,21286831,6289274
2025,Febrero,738,177,155191676,19726121,14007300,237,164352684,18441722,4944720
2025,Marzo,778,213,162417441,20513075,15121539,267,182032549,20347554,6185569
2025,Abril,731,165,155749018,20154494,12893785,290,199496375,22703552,6960379
2025,Mayo,701,116,152777659,19203385,13870758,273,182279502,21440580,6400015
2025,Junio,689,79,145008053,18351434,13744964,252,166959291,19121669,6777723
2025,Julio,713,58,155570603,19808958,13868928,299,193188652,21525885,7233816
2025,Agosto,696,79,149534387,19044189,13552310,313,206646367,24079379,7262236
2025,Septiembre,697,61,147778390,18679212,14088374,297,196553975,22362403,6636964
2025,Octubre,722,76,151955844,19412316,13694904,307,198759250,22559919,9055878
2025,Noviembre,732,86,158470782,20272646,13906486,274,186333054,21368122,7981185
2025,Diciembre,774,111,160725511,20406649,14807423,301,197137820,22494244,7842216
